AAD,ABS,ACCC,ACorn,AF,AOff,AP,APass,AR,AS,ASOT,AST,ASaves,AT,ATack,AY,Attendance,Date,FTAG,FTHG,GameID,HAD,HBS,HCCC,HCorn,HF,HOff,HP,HPass,HR,HS,HSOT,HST,HSaves,HT,HTack,HY,League,Time
52.9,4,0,8,18,0,59.7,74.8,0,17,9,4,4,Eintracht Frankfurt,62.5,2,300.,2020-10-18,1,1,427472,47.1,2,2,2,19,4,40.3,67.6,0,9,2,5,3,Cologne,55.0,3,Bundesliga,1430
29.4,4,1,7,8,1,48.7,77.6,0,12,4,4,5,Hoffenheim,36.4,3,"8,000.",2020-10-03,1,2,427466,70.6,2,4,5,12,9,51.3,78.0,0,16,6,8,3,Eintracht Frankfurt,46.2,2,Bundesliga,1430
50.0,1,5,10,6,2,66.3,90.8,1,17,7,9,4,Bayern Munich,58.8,0,,2020-10-17,4,1,427475,50.0,5,1,6,6,2,33.7,78.2,0,11,1,5,5,Arminia Bielefeld,64.7,1,Bundesliga,1730
32.1,3,0,2,12,0,33.8,82.2,0,6,1,2,3,SC Freiburg,50.0,1,"11,500.",2020-10-03,0,4,427465,67.9,2,3,3,8,1,66.2,89.4,0,16,7,7,2,Borussia Dortmund,71.4,1,Bundesliga,1430
47.6,1,0,4,9,0,33.0,73.1,0,3,2,0,4,Heracles Almelo,47.8,1,,2020-10-03,0,3,431772,52.4,3,4,7,9,0,67.0,84.7,0,15,5,7,0,Vitesse Arnhem,57.1,2,Eredivisie,1530
48.0,2,0,1,10,1,38.4,69.5,0,5,1,2,6,West Bromwich Albion,61.1,1,,2020-10-04,0,2,428875,52.0,1,0,5,19,1,61.6,76.6,0,13,5,7,3,Southampton,66.7,2,Premier_League,1200
53.7,4,1,4,13,4,52.0,73.9,0,15,5,6,1,Wolfsburg,50.0,2,300.,2020-10-17,1,1,427474,46.3,3,2,5,14,2,48.0,76.7,0,13,8,2,5,M'gladbach,55.0,2,Bundesliga,1930
29.6,4,0,3,11,0,42.6,74.6,0,16,7,5,3,Fortuna Sittard,65.0,1,,2020-10-04,0,2,431774,70.4,1,3,6,12,6,57.4,79.8,0,9,3,5,5,PSV Eindhoven,75.0,0,Eredivisie,1545
46.2,2,1,2,13,0,36.0,67.4,0,8,5,1,6,FC Augsburg,84.2,1,"4,632.",2020-10-04,0,0,427471,53.8,5,0,12,7,3,64.0,84.0,0,18,7,6,1,Wolfsburg,82.4,0,Bundesliga,1430
50.0,3,1,2,11,2,46.6,62.2,0,11,3,5,2,Hamilton Academical,62.5,1,,2020-10-20,2,4,425578,50.0,9,1,10,17,0,53.4,68.8,0,18,3,6,3,Aberdeen,61.5,1,Premiership,1900
38.1,2,0,9,18,1,60.8,79.4,0,9,5,2,1,Columbus Crew,61.5,4,,2020-10-15,1,2,438735,61.9,4,1,4,12,1,39.2,72.2,0,11,4,3,1,FC Cincinnati,61.5,1, American MLS League,1230
45.2,2,0,4,9,3,35.5,79.1,0,6,2,2,3,Sheffield United,36.4,1,,2020-10-04,1,2,428867,54.8,1,1,2,3,0,64.5,89.1,0,6,0,5,1,Arsenal,50.0,0,Premier_League,1400
42.9,3,1,2,8,0,52.9,87.8,0,10,5,2,4,Fulham,78.6,1,,2020-10-04,0,1,428876,57.1,6,1,6,15,0,47.1,84.9,0,14,3,5,2,Wolverhampton Wanderers,55.6,1,Premier_League,1400
56.4,5,4,7,14,2,51.1,77.9,0,22,8,9,4,New England Revolution,92.3,2,,2020-10-15,3,2,438740,43.6,1,3,2,12,0,48.9,78.7,0,14,7,6,6,Montreal Impact,50.0,1, American MLS League,1230
23.1,8,5,4,10,0,62.0,89.9,0,22,6,8,1,Tottenham Hotspur,47.8,1,,2020-10-04,6,1,428873,76.9,1,0,2,14,1,38.0,82.7,1,5,2,2,2,Manchester United,33.3,2,Premier_League,1630
54.0,1,0,2,13,1,41.5,69.4,0,6,3,2,10,Genoa,63.6,4,,2020-10-19,0,0,434363,46.0,1,0,14,14,1,58.5,82.2,0,18,7,10,2,Verona,81.8,1,Serie_A,1945
44.8,3,1,6,18,1,59.0,86.9,0,17,8,6,6,New York City FC,42.9,3,,2020-10-18,1,3,438777,55.2,1,4,5,12,4,41.0,75.3,0,11,1,9,5,Columbus Crew,53.8,1, American MLS League,2300
66.7,0,0,2,11,1,45.6,80.4,0,4,3,1,1,Seattle Sounders FC,52.9,1,,2020-10-19,0,0,438784,33.3,4,0,6,17,0,54.4,83.0,0,11,6,1,1,San Jose Earthquakes,37.5,1, American MLS League,330
75.0,5,0,5,5,5,48.6,85.0,0,13,4,4,6,Inter Miami CF,50.0,2,,2020-10-18,1,2,438771,25.0,3,2,0,7,1,51.4,86.7,0,16,5,8,3,Montreal Impact,66.7,1, American MLS League,1200
48.4,0,1,4,18,1,55.4,81.6,0,9,4,5,5,Los Angeles Football Club,38.9,4,,2020-10-19,1,1,438783,51.6,3,2,3,11,4,44.6,73.9,0,16,7,6,4,Portland Timbers,68.4,2, American MLS League,300
48.0,1,0,3,10,2,54.5,85.5,0,7,1,5,4,Vancouver Whitecaps,25.0,1,,2020-10-19,0,1,438779,52.0,4,3,8,10,1,45.5,78.6,0,18,9,5,4,Los Angeles Galaxy,64.3,2, American MLS League,330
61.3,0,2,4,10,2,43.9,66.8,0,9,4,5,2,Sporting Kansas City,65.0,0,,2020-10-17,2,2,438770,38.7,3,2,5,12,3,56.1,75.3,0,9,2,4,3,Chicago Fire,72.0,1, American MLS League,2030
58.3,4,1,8,21,2,55.1,82.0,0,18,6,8,1,New York City FC,75.0,3,,2020-10-15,1,1,438741,41.7,3,2,1,8,4,44.9,80.3,0,9,4,2,7,Orlando City SC,93.3,3, American MLS League,1230
58.7,2,3,7,14,2,47.4,60.2,1,8,4,2,6,Osasuna,71.4,1,,2020-10-18,0,0,433826,41.3,3,0,6,14,1,52.6,63.4,0,10,1,6,3,Eibar,55.6,2,La_Liga,1100
31.6,3,3,9,10,5,53.1,81.1,0,15,4,8,1,Houston Dynamo,66.7,1,,2020-10-19,2,2,438780,68.4,1,2,1,10,0,46.9,78.8,0,4,0,3,6,Minnesota United FC,60.0,1, American MLS League,100
40.0,5,1,6,10,4,49.9,85.2,0,6,0,1,5,Atlanta United FC,56.3,1,,2020-10-19,0,1,438785,60.0,2,0,2,14,0,50.1,85.5,0,11,3,6,1,Toronto FC,50.0,1, American MLS League,1230
51.6,2,2,3,12,1,46.5,78.2,0,13,7,4,5,D.C. United,56.5,3,,2020-10-19,2,1,438778,48.4,3,0,5,11,0,53.5,78.9,0,11,2,6,2,FC Cincinnati,38.5,0, American MLS League,1230
47.2,3,1,2,10,3,57.5,84.8,0,11,6,2,3,FC Dallas,69.2,2,"3,502.",2020-10-21,0,3,438699,52.8,0,2,2,17,0,42.5,79.6,0,12,6,6,2,Nashville SC,88.9,1, American MLS League,130
62.5,0,1,2,16,0,43.3,75.2,0,7,4,3,7,Philadelphia Union,73.9,2,,2020-10-20,2,1,438781,37.5,7,-1,7,13,2,56.7,82.0,0,22,7,8,3,New England Revolution,66.7,1, American MLS League,1230
50.0,3,1,5,16,0,41.2,72.0,0,9,3,3,3,Orlando City SC,61.5,3,,2020-10-19,1,1,438782,50.0,2,0,6,15,1,58.8,77.6,0,14,8,4,2,New York Red Bulls,69.2,1, American MLS League,1200
53.3,6,3,5,18,3,51.9,64.4,0,12,4,2,0,Dundee United,71.4,1,,2020-09-26,1,1,425614,46.7,4,1,7,18,5,48.1,56.2,0,12,7,1,1,Hamilton Academical,80.0,4,Premiership,1500
40.0,2,0,5,11,0,35.1,78.1,0,9,7,0,6,Hibernian,57.1,2,,2020-09-27,0,3,425613,60.0,5,1,6,9,0,64.9,89.4,0,20,6,9,0,Celtic,72.7,0,Premiership,1500
51.6,7,1,6,14,3,54.1,84.9,0,18,3,8,0,Aberdeen,64.3,0,,2020-09-27,3,0,425617,48.4,5,0,2,16,2,45.9,77.6,1,8,3,0,5,Ross County,66.7,2,Premiership,1500
31.3,3,0,2,12,0,43.1,74.4,0,8,1,4,6,Hamilton Academical,64.7,2,,2020-10-02,2,3,425621,68.8,5,4,7,10,3,56.9,81.5,0,18,4,9,3,Hibernian,100.0,1,Premiership,1945
51.7,0,1,2,13,0,27.9,61.7,0,4,4,0,2,Ross County,66.7,1,,2020-10-04,0,2,425623,48.3,6,1,14,9,4,72.1,85.8,0,15,5,4,0,Rangers,62.5,0,Premiership,1500
47.8,6,0,6,11,2,37.6,59.5,0,11,4,1,4,St Mirren,52.4,1,,2020-10-02,1,2,425619,52.2,8,0,5,14,1,62.4,75.5,0,15,1,6,0,Aberdeen,50.0,1,Premiership,1945
53.3,11,2,5,12,5,55.8,78.3,0,27,10,6,2,Hibernian,58.3,1,,2020-10-17,0,0,425629,46.7,6,0,3,11,1,44.2,72.4,1,16,8,2,5,Ross County,61.5,1,Premiership,1500
48.9,7,1,10,18,0,60.2,77.0,0,18,4,7,3,Aberdeen,37.5,2,,2020-10-17,0,0,425626,51.1,3,1,2,9,1,39.8,62.8,0,6,0,3,6,Dundee United,63.6,1,Premiership,1500
54.1,9,2,11,14,1,68.5,85.3,0,19,7,3,0,Celtic,37.5,2,,2020-10-04,2,0,425624,45.9,4,1,1,13,1,31.5,63.1,0,7,3,0,1,St. Johnstone,37.5,3,Premiership,1200
61.1,6,5,7,11,3,48.2,57.6,0,22,8,8,1,St. Johnstone,69.2,0,,2020-10-17,5,3,425627,38.9,2,0,3,18,0,51.8,61.3,0,10,4,4,3,Hamilton Academical,50.0,1,Premiership,1500
34.5,3,1,4,8,0,56.1,84.1,0,15,3,9,1,Rangers,52.4,0,,2020-09-27,5,1,425616,65.5,6,0,7,14,0,43.9,80.3,0,8,1,1,4,Motherwell,46.2,1,Premiership,1200
50.6,3,5,11,11,5,55.7,61.3,0,16,7,6,0,Livingston,83.3,0,,2020-10-02,2,1,425620,49.4,0,0,3,15,0,44.3,50.0,0,1,0,1,4,Dundee United,100.0,0,Premiership,1945
26.5,2,1,2,9,1,46.6,75.7,0,13,5,6,2,Southampton,38.5,1,,2020-10-17,3,3,428877,73.5,3,1,6,11,3,53.4,81.7,0,11,3,5,3,Chelsea,43.8,1,Premier_League,1500
52.5,8,1,7,12,2,63.6,86.0,0,28,6,14,4,Manchester United,71.4,1,,2020-10-17,4,1,428883,47.5,1,1,0,9,0,36.4,71.5,0,7,2,4,8,Newcastle United,61.1,1,Premier_League,2000
48.8,3,0,3,14,1,38.1,67.1,0,11,3,5,1,Kilmarnock,55.6,0,,2020-10-17,3,1,425628,51.2,8,1,6,14,2,61.9,73.4,0,15,5,2,2,Livingston,76.9,4,Premiership,1500
44.4,3,1,6,10,2,41.5,84.6,0,11,5,3,4,Arsenal,76.9,1,,2020-10-17,0,1,428882,55.6,4,2,6,15,0,58.5,88.9,0,13,4,5,3,Manchester City,45.5,4,Premier_League,1730
39.2,2,2,5,18,1,43.5,75.0,0,9,2,5,0,Rangers,55.6,2,,2020-10-17,2,0,425625,60.8,4,0,1,13,3,56.5,77.8,0,5,1,0,3,Celtic,72.2,2,Premiership,1230
47.5,1,1,7,18,3,49.5,76.3,0,10,5,4,5,Aston Villa,57.1,3,,2020-10-18,1,0,428881,52.5,4,0,2,18,2,50.5,75.1,0,11,2,5,3,Leicester City,52.4,4,Premier_League,1915
54.5,5,0,7,12,3,48.5,81.3,0,13,4,4,3,West Ham United,50.0,5,,2020-10-18,3,3,428885,45.5,1,2,3,13,1,51.5,81.6,0,11,4,6,2,Tottenham Hotspur,56.0,0,Premier_League,1630
36.7,6,4,5,9,3,58.1,83.4,0,22,8,8,3,Liverpool,44.4,2,,2020-10-17,2,2,428879,63.3,1,3,2,15,2,41.9,74.7,1,11,5,5,6,Everton,50.0,3,Premier_League,1230
58.5,3,3,4,8,2,30.5,70.3,0,14,5,6,0,West Ham United,50.0,2,,2020-10-04,3,0,428872,41.5,2,1,6,10,4,69.5,84.5,0,4,2,0,3,Leicester City,57.1,2,Premier_League,1200
47.4,8,0,5,13,2,65.7,82.5,1,20,9,3,0,Brighton and Hove Albion,60.0,2,,2020-10-18,1,1,428878,52.6,0,0,2,13,1,34.3,68.9,0,1,0,1,2,Crystal Palace,47.4,3,Premier_League,1400
44.4,4,1,5,9,0,58.5,84.4,0,15,5,6,5,Fulham,57.1,2,,2020-10-18,1,1,428884,55.6,1,2,2,5,4,41.5,80.2,0,10,3,6,5,Sheffield United,60.0,0,Premier_League,1200
70.4,3,1,3,12,2,32.3,67.9,0,7,1,3,2,Wolverhampton Wanderers,57.1,1,,2020-10-19,1,0,428880,29.6,4,1,8,13,1,67.7,83.2,0,13,7,2,2,Leeds United,57.1,2,Premier_League,2000
46.3,1,1,2,17,0,43.2,68.2,0,9,4,4,6,Burnley,84.6,2,,2020-10-19,0,0,428886,53.7,2,0,8,15,2,56.8,75.3,0,13,5,6,4,West Bromwich Albion,57.1,2,Premier_League,1730
45.9,0,0,1,17,0,34.2,53.3,0,10,7,3,0,Wycombe Wanderers,87.5,0,,2020-10-20,0,1,429770,54.1,0,1,2,12,3,65.8,76.8,0,5,4,1,3,Reading,57.9,2,Championship,2000
46.4,2,0,3,25,0,47.4,64.8,0,7,3,2,4,Rotherham United,60.0,2,,2020-10-20,1,1,429769,53.6,4,4,3,13,3,52.6,68.9,0,20,12,4,1,Nottingham Forest,80.0,0,Championship,1945
40.4,5,0,3,13,0,58.2,81.6,0,10,4,1,5,Luton Town,50.0,1,,2020-10-20,0,2,429767,59.6,4,1,8,15,1,41.8,79.3,0,21,11,6,1,Millwall,66.7,2,Championship,1945
43.8,4,2,4,7,3,43.5,61.5,0,9,4,1,0,Middlesbrough,100.0,2,,2020-10-20,1,0,429765,56.2,2,0,1,9,0,56.5,68.0,0,7,5,0,1,Bristol City,62.5,0,Championship,1945
60.6,4,0,3,10,2,43.6,65.8,0,10,3,3,4,Cardiff City,71.4,0,,2020-10-18,1,0,429761,39.4,2,0,9,9,0,56.4,73.9,0,7,1,4,2,Preston North End,50.0,1,Championship,1200
42.9,1,0,3,12,0,26.7,67.0,1,6,3,2,3,Birmingham City,76.9,3,,2020-10-20,0,1,429768,57.1,9,0,6,10,2,73.3,90.3,0,23,10,4,2,Norwich City,45.5,1,Championship,1945
52.0,2,1,6,10,1,48.6,64.2,0,13,2,9,3,Bristol City,83.3,0,,2020-10-17,2,2,429753,48.0,8,1,4,14,4,51.4,68.7,0,17,4,5,6,Barnsley,68.4,2,Championship,1500
37.1,0,0,2,11,3,50.0,70.4,0,6,3,3,1,Swansea City,71.4,1,,2020-10-20,1,1,429766,62.9,2,2,3,12,3,50.0,70.7,0,9,4,3,2,Coventry City,43.8,0,Championship,1945
45.2,4,2,5,15,4,46.3,74.5,0,13,2,7,1,Barnsley,75.0,0,,2020-10-21,2,2,429775,54.8,1,3,3,11,5,53.7,77.6,1,8,4,3,5,Stoke City,61.5,0,Championship,1945
46.9,2,0,4,11,1,52.9,80.7,0,14,7,5,2,Brentford,53.8,0,,2020-10-21,2,1,429774,53.1,2,0,3,14,3,47.1,75.2,0,6,1,3,3,Sheffield Wednesday,66.7,1,Championship,1945
63.3,7,2,8,12,4,65.7,82.9,0,19,5,7,2,Blackburn Rovers,56.3,0,,2020-10-21,1,3,429776,36.7,2,3,1,24,1,34.3,69.2,0,10,4,4,6,Watford,50.0,3,Championship,1945
50.0,5,1,5,11,1,46.1,74.9,0,12,5,2,2,Derby County,60.0,3,,2020-10-20,0,1,429772,50.0,6,2,6,15,0,53.9,79.1,0,20,11,3,2,Huddersfield Town,58.3,1,Championship,1945
33.9,4,1,4,12,0,41.1,70.2,0,14,7,3,2,Sheffield Wednesday,86.7,1,,2020-10-17,1,0,429754,66.1,2,0,5,12,1,58.9,82.5,0,10,6,2,2,Birmingham City,80.0,1,Championship,1500
56.3,0,1,2,9,4,43.0,66.8,0,8,5,3,0,Preston North End,42.9,1,,2020-10-21,2,0,429773,43.8,1,1,2,14,2,57.0,78.0,0,6,5,0,1,Queens Park Rangers,83.3,0,Championship,1945
53.8,4,3,6,15,0,66.6,83.0,0,17,7,6,2,Bournemouth,70.0,0,,2020-10-21,1,1,429771,46.2,3,0,6,18,0,33.4,64.7,0,13,7,3,5,Cardiff City,52.6,2,Championship,1945
47.8,3,1,2,15,0,48.1,76.6,0,8,4,1,2,Nimes,61.5,1,,2020-10-04,1,0,431416,52.2,5,0,8,14,2,51.9,72.5,0,12,5,2,0,Montpellier,57.1,2,Ligue_1,1200
36.4,3,3,1,10,2,54.1,83.4,0,12,3,6,2,Lille,69.6,1,"4,988.",2020-10-04,3,0,431420,63.6,5,1,11,11,0,45.9,80.0,0,15,7,3,3,Strasbourg,68.8,1,Ligue_1,1400
54.5,6,1,8,17,0,71.6,86.5,0,21,13,2,4,Monaco,63.6,4,"5,033.",2020-10-04,0,1,431412,45.5,0,0,1,10,1,28.4,65.2,0,7,2,5,2,Brest,47.8,3,Ligue_1,1400
29.2,3,0,3,15,1,41.9,76.4,0,10,3,4,5,Lorient,68.4,2,"5,000.",2020-10-04,1,3,431415,70.8,1,0,4,10,0,58.1,85.4,0,16,7,8,3,Metz,61.5,1,Ligue_1,1400
46.9,3,0,10,13,1,43.9,78.2,0,8,1,4,2,Bordeaux,46.2,1,,2020-10-17,1,3,431424,53.1,0,0,6,13,2,56.1,83.2,0,6,2,4,3,Marseille,73.3,3,Ligue_1,2000
60.6,3,0,5,13,1,61.0,82.9,0,12,6,3,3,Rennes,71.4,2,"1,000.",2020-10-16,1,1,431422,39.4,3,2,3,22,2,39.0,77.6,0,12,5,4,2,Dijon,58.8,4,Ligue_1,1800
64.5,7,4,9,12,0,76.0,89.4,0,30,12,11,2,Paris Saint-Germain,81.8,2,,2020-10-16,4,0,431427,35.5,0,0,1,10,1,24.0,64.3,1,5,3,2,7,Nimes,66.7,1,Ligue_1,2000
29.4,2,0,4,14,0,50.0,82.5,0,5,2,1,4,Dijon,72.2,3,,2020-10-04,0,3,431411,70.6,3,1,5,15,2,50.0,85.1,0,17,7,7,1,Bordeaux,84.2,2,Ligue_1,1400
44.7,5,1,6,11,2,53.4,77.1,0,14,5,4,2,Lorient,61.9,1,"3,923.",2020-10-17,3,1,431428,55.3,2,0,3,14,2,46.6,75.1,2,6,1,3,1,Reims,46.2,4,Ligue_1,1600
33.3,1,2,3,10,1,54.0,81.3,0,11,5,5,3,Nice,70.4,5,,2020-10-18,3,1,431429,66.7,5,1,7,15,2,46.0,84.1,0,11,2,4,2,St Etienne,55.6,2,Ligue_1,1600
50.8,1,1,6,15,3,60.5,80.4,0,14,8,5,5,Brest,57.9,2,,2020-10-18,1,3,431426,49.2,2,0,2,15,6,39.5,70.0,0,12,2,8,4,Nantes,71.4,3,Ligue_1,1400
48.9,0,0,2,13,3,19.5,54.3,1,3,1,2,6,Montpellier,62.5,1,,2020-10-18,1,1,431425,51.1,7,0,10,13,2,80.5,86.8,0,21,7,7,1,Monaco,50.0,2,Ligue_1,1400
53.3,2,0,2,16,1,43.3,73.5,2,7,3,2,2,RC Lens,60.9,1,,2020-10-18,0,4,431423,46.7,6,2,7,13,1,56.7,83.6,0,17,5,6,2,Lille,58.3,0,Ligue_1,2000
44.4,3,2,4,20,1,53.5,80.5,0,17,6,8,2,Feyenoord,77.3,1,,2020-10-04,4,1,431776,55.6,0,1,1,16,1,46.5,75.9,0,6,3,3,4,Willem II,65.0,1,Eredivisie,1330
43.5,2,4,6,14,3,53.3,76.7,1,14,6,6,3,AZ Alkmaar,45.5,2,,2020-10-04,4,4,431775,56.5,2,0,6,16,4,46.7,69.2,0,17,8,7,2,Sparta Rotterdam,58.8,1,Eredivisie,1330
41.0,0,5,2,8,2,47.0,75.1,0,14,6,8,6,Lyon,41.7,3,,2020-10-18,3,2,431430,59.0,0,2,4,13,3,53.0,74.2,0,19,11,8,3,Strasbourg,75.0,2,Ligue_1,1200
42.9,1,1,5,13,1,53.5,81.1,0,7,3,3,1,Metz,55.2,2,,2020-10-18,1,1,431421,57.1,3,0,2,18,2,46.5,77.7,0,7,2,2,2,Angers,59.1,4,Ligue_1,1400
41.5,1,1,2,20,6,43.9,75.3,0,11,6,4,5,VVV-Venlo,64.7,3,,2020-10-17,2,2,431777,58.5,3,2,6,11,1,56.1,82.1,1,20,10,7,2,AZ Alkmaar,72.7,1,Eredivisie,1900
47.6,1,0,2,15,2,40.6,74.0,0,5,3,1,6,RKC Waalwijk,66.7,1,,2020-10-17,1,0,431779,52.4,6,0,6,20,2,59.4,86.4,0,24,12,6,0,Heracles Almelo,50.0,1,Eredivisie,1745
52.6,5,0,11,9,4,69.2,79.2,0,18,11,2,1,Ajax,70.0,1,,2020-10-04,0,1,431773,47.4,1,0,1,10,2,30.8,53.7,0,10,7,2,2,Groningen,46.2,0,Eredivisie,1115
34.8,2,4,3,7,1,41.0,71.4,0,16,6,8,9,FC Twente,84.6,1,,2020-10-17,3,0,431780,65.2,4,2,12,10,1,59.0,77.8,0,18,5,9,5,Willem II,73.3,3,Eredivisie,2000
75.0,1,1,3,17,2,50.7,80.0,0,12,6,5,3,PSV Eindhoven,58.3,2,,2020-10-18,3,0,431785,25.0,2,2,4,11,1,49.3,78.1,0,12,7,3,2,PEC Zwolle,60.9,2,Eredivisie,1545
36.4,4,1,3,15,4,33.8,73.7,0,16,7,5,6,Fortuna Sittard,55.6,1,,2020-10-18,2,2,431782,63.6,4,1,5,8,6,66.2,85.0,0,17,5,8,3,Emmen,50.0,2,Eredivisie,1900
61.1,3,2,9,14,2,30.8,74.1,0,9,1,5,0,Heerenveen,37.5,2,,2020-10-18,1,5,431778,38.9,4,1,5,10,1,69.2,88.4,0,16,7,5,4,Ajax,70.0,1,Eredivisie,1330
40.9,3,2,4,18,1,32.2,65.6,0,11,3,5,0,Sparta Rotterdam,57.7,1,,2020-10-18,1,1,431784,59.1,2,0,8,10,2,67.8,82.9,0,11,8,1,4,Feyenoord,81.3,3,Eredivisie,1115
39.3,5,0,3,7,1,45.0,80.6,1,20,7,8,4,Vitesse Arnhem,57.9,1,,2020-10-18,2,0,431781,60.7,1,2,3,15,1,55.0,83.3,0,11,6,4,6,ADO Den Haag,62.5,2,Eredivisie,1330
59.5,3,2,4,6,3,44.0,74.9,0,14,5,6,1,FC Utrecht,66.7,0,,2020-10-18,0,0,431783,40.5,3,1,4,15,0,56.0,82.9,0,16,12,1,6,Groningen,44.4,5,Eredivisie,1545
38.1,3,0,8,13,0,59.8,87.4,1,12,6,3,3,Inter Milan,46.7,4,,2020-10-04,1,1,434349,61.9,2,2,7,14,0,40.2,82.3,1,12,6,4,2,Lazio,56.3,3,Serie_A,1400
34.6,1,0,6,19,0,38.2,77.1,0,4,1,2,2,Spezia,57.1,2,,2020-10-04,0,3,434350,65.4,6,3,4,14,1,61.8,85.5,0,17,6,5,3,AC Milan,59.1,1,Serie_A,1700
69.0,4,4,10,15,5,59.8,84.7,0,17,6,7,1,Bologna,30.8,1,,2020-10-04,0,1,434345,31.0,2,1,4,13,0,40.2,70.9,0,7,3,2,7,Benevento,75.0,2,Serie_A,1400
20.8,5,0,9,9,0,41.1,79.4,0,12,4,3,7,Cagliari,55.6,0,,2020-10-04,2,5,434344,79.2,4,5,4,11,2,58.9,85.6,0,21,5,12,1,Atalanta,50.0,0,Serie_A,1130
47.2,4,3,6,19,5,60.5,85.3,0,8,2,2,3,Verona,60.0,1,,2020-10-04,0,1,434351,52.8,4,1,7,11,2,39.5,75.1,0,11,3,4,2,Parma,44.4,1,Serie_A,1400
62.5,2,2,4,14,2,53.4,87.1,1,11,7,2,2,Juventus,58.8,3,,2020-10-17,1,1,434355,37.5,2,0,3,17,0,46.6,83.9,0,10,5,3,1,Crotone,47.6,3,Serie_A,1945
48.0,2,1,4,7,4,47.9,83.3,0,10,4,4,2,Benevento,46.7,2,,2020-10-18,2,5,434358,52.0,5,5,6,17,6,52.1,86.7,0,20,8,7,2,Roma,55.0,3,Serie_A,1945
42.9,3,0,3,10,2,47.8,83.8,0,10,7,0,4,Lazio,80.0,2,,2020-10-17,0,3,434359,57.1,1,3,4,12,0,52.2,81.5,0,12,4,7,0,Sampdoria,76.9,2,Serie_A,1700
61.9,1,2,5,11,2,44.9,76.3,0,11,6,4,4,AC Milan,50.0,3,,2020-10-17,2,1,434356,38.1,6,3,3,18,2,55.1,81.8,0,18,6,6,2,Inter Milan,63.6,3,Serie_A,1700
48.0,4,1,5,18,3,47.6,84.4,0,9,2,3,0,Fiorentina,50.0,2,,2020-10-18,2,2,434360,52.0,5,1,5,15,1,52.4,83.5,0,12,5,2,1,Spezia,48.3,2,Serie_A,1400
55.2,2,1,4,16,4,40.9,82.9,0,12,5,5,4,Cagliari,76.9,3,,2020-10-18,3,2,434361,44.8,2,0,2,14,1,59.1,90.0,1,13,5,6,2,Torino,100.0,2,Serie_A,1400
62.9,4,4,11,11,0,52.7,78.3,0,25,9,12,3,Sassuolo,50.0,1,,2020-10-18,4,3,434354,37.1,4,2,7,20,0,47.3,73.0,0,14,4,6,9,Bologna,58.8,2,Serie_A,1130
58.3,2,1,3,11,1,58.3,85.3,0,9,4,3,2,Parma,62.5,2,,2020-10-18,2,3,434362,41.7,5,3,11,12,2,41.7,85.2,0,16,7,4,1,Udinese,61.9,3,Serie_A,1700
53.3,4,3,7,8,1,55.0,84.4,0,13,6,3,4,Real Madrid,57.9,1,,2020-10-04,2,0,433818,46.7,1,1,4,14,3,45.0,80.7,0,11,6,4,1,Levante,36.4,2,La_Liga,1500
53.8,1,1,6,17,3,59.1,73.4,0,8,7,0,2,Athletic Bilbao,61.5,3,,2020-10-04,0,1,433813,46.2,1,1,0,20,2,40.9,65.9,1,8,4,3,0,Alaves,57.1,0,La_Liga,1300
56.4,1,0,5,10,3,60.8,78.6,0,9,5,3,2,Celta Vigo,68.4,3,,2020-10-04,0,2,433819,43.6,0,2,6,19,2,39.2,69.4,0,13,8,5,3,Osasuna,70.6,3,La_Liga,1100
63.2,2,1,5,18,1,45.6,87.2,0,13,10,1,4,Sevilla,50.0,1,,2020-10-04,1,1,433815,36.8,2,1,6,11,0,54.4,88.1,0,12,5,5,0,Barcelona,83.3,1,La_Liga,2000
39.4,4,1,5,16,1,58.5,79.1,0,13,4,5,3,Granada,52.2,2,,2020-10-04,1,1,433816,60.6,4,1,2,16,0,41.5,73.5,0,14,6,4,4,Cadiz,64.7,2,La_Liga,1730
57.1,0,2,11,5,1,25.2,57.8,0,14,9,5,2,Cadiz,57.1,0,,2020-10-17,1,0,433831,42.9,4,1,5,7,6,74.8,87.6,0,14,8,2,3,Real Madrid,66.7,2,La_Liga,1730
67.7,1,1,2,10,3,72.7,86.7,0,7,5,1,3,Barcelona,35.7,3,,2020-10-17,0,1,433827,32.3,1,1,7,20,1,27.3,58.1,0,9,4,4,1,Getafe,57.1,4,La_Liga,2000
50.0,1,2,4,18,0,47.9,80.0,0,9,4,4,5,Atletico Madrid,50.0,4,,2020-10-17,2,0,433825,50.0,2,3,8,16,1,52.1,79.5,0,15,8,5,2,Celta Vigo,35.7,3,La_Liga,1500
42.1,1,0,1,24,2,34.0,66.1,0,5,1,3,5,Real Valladolid,40.0,2,,2020-10-18,2,2,433829,57.9,2,1,3,14,1,66.0,83.0,0,12,3,7,1,SD Huesca,80.0,1,La_Liga,1730
41.2,1,1,2,18,9,44.4,72.4,0,8,2,5,1,Real Sociedad,54.5,1,,2020-10-18,3,0,433830,58.8,2,0,6,11,2,55.6,77.8,0,7,4,1,2,Real Betis,75.0,2,La_Liga,2000
54.8,2,1,1,11,0,48.9,79.2,1,8,3,3,2,Sevilla,84.6,2,,2020-10-17,0,1,433828,45.2,8,1,5,16,2,51.1,79.8,0,13,2,3,3,Granada,82.4,4,La_Liga,1200
28.6,2,3,12,17,1,52.3,80.3,0,15,7,6,1,Bayer Leverkusen,50.0,2,"9,500.",2020-10-03,1,1,427470,71.4,1,1,8,8,1,47.7,77.9,0,12,8,3,5,Stuttgart,60.0,3,Bundesliga,1430
58.1,1,0,2,6,4,61.0,85.9,0,9,3,5,0,Bayer Leverkusen,72.2,1,250.,2020-10-17,1,0,427473,41.9,4,0,6,12,5,39.0,76.9,0,6,2,0,4,Mainz,63.0,3,Bundesliga,1430
43.5,3,1,6,11,4,53.4,82.2,0,7,1,3,2,Elche,57.1,5,,2020-10-18,2,0,433823,56.5,4,2,2,11,4,46.6,83.8,0,13,7,2,1,Alaves,60.0,2,La_Liga,1730
61.1,3,1,7,8,2,37.9,83.3,0,11,5,3,4,Valencia,33.3,1,,2020-10-18,1,2,433832,38.9,3,0,3,13,0,62.1,89.6,1,16,7,6,2,Villarreal,55.6,2,La_Liga,1500
30.0,2,0,3,10,2,48.1,77.1,0,6,3,1,2,Levante,68.4,1,,2020-10-18,0,2,433824,70.0,3,2,9,11,3,51.9,80.1,0,14,6,5,1,Athletic Bilbao,50.0,3,La_Liga,1300
66.7,4,2,6,11,3,54.9,82.7,0,15,6,5,3,Borussia Dortmund,77.3,1,"6,030.",2020-10-17,1,0,427480,33.3,2,2,4,13,0,45.1,80.2,0,9,4,3,3,Hoffenheim,78.9,1,Bundesliga,1430
47.1,0,3,4,10,1,36.1,68.0,0,7,5,2,5,Stuttgart,61.1,2,"4,000.",2020-10-17,2,0,427478,52.9,3,1,6,14,1,63.9,83.7,0,15,8,4,0,Hertha Berlin,91.7,2,Bundesliga,1430
63.3,5,3,8,13,1,67.7,85.0,0,16,6,5,2,RB Leipzig,80.0,1,,2020-10-17,2,0,427476,36.7,2,1,5,9,5,32.3,68.9,0,5,1,2,2,FC Augsburg,68.8,0,Bundesliga,1430
61.8,2,1,4,14,1,37.3,76.3,0,13,7,4,4,Werder Bremen,58.3,3,,2020-10-17,1,1,427479,38.2,5,0,4,10,2,62.7,84.3,0,20,11,4,3,SC Freiburg,71.4,3,Bundesliga,1430
52.2,3,3,10,12,2,59.8,84.1,0,15,1,11,1,M'gladbach,82.4,3,300.,2020-10-03,3,1,427463,47.8,3,0,4,16,0,40.2,74.7,0,8,3,2,7,Cologne,72.2,3,Bundesliga,1430
57.9,3,3,5,13,1,47.4,79.1,0,21,12,6,2,PEC Zwolle,71.4,2,,2020-10-21,1,1,431770,42.1,3,0,9,12,4,52.6,75.5,0,11,5,3,4,RKC Waalwijk,91.7,2,Eredivisie,1630
40.5,0,0,7,13,2,46.4,74.2,0,11,5,6,3,1. FC Union Berlin,50.0,1,,2020-10-18,1,1,427477,59.5,3,0,5,7,2,53.6,79.3,0,8,1,4,5,Schalke,70.0,3,Bundesliga,1700
